Wall time,Step,Value
1591210077.9730353,1,0.9195807576179504
1591210898.6084847,2,0.9332013130187988
1591211719.063757,3,0.9389972686767578
1591212539.1954901,4,0.943006157875061
1591213351.5104594,5,0.9445034861564636
