Wall time,Step,Value
1591284232.073774,1,0.9192909598350525
1591285037.8083947,2,0.9374033808708191
1591285843.5323262,3,0.9420884847640991
1591286649.1470683,4,0.9464837908744812
1591287454.9461677,5,0.947353184223175
