Wall time,Step,Value
1591284290.1532323,1,0.9199188351631165
1591285123.3163435,2,0.9353265166282654
1591285956.5841546,3,0.9392387866973877
1591286790.0025845,4,0.942957878112793
1591287624.079999,5,0.9447932839393616
