Wall time,Step,Value
1591263252.317171,1,0.9178902506828308
1591264056.1325748,2,0.9367272257804871
1591264860.1093552,3,0.94218510389328
1591265664.3303652,4,0.9461939930915833
1591266468.6980004,5,0.9473048448562622
