Wall time,Step,Value
1591263307.9074798,1,0.9131085872650146
1591264138.4042244,2,0.9259563088417053
1591264968.8231473,3,0.9348434805870056
1591265798.890245,4,0.9362925291061401
1591266629.1349823,5,0.9408810138702393
